id	first_name	last_name	email	birth_date	locale
1	Mohammed	Marshall	Mohammed.Marshall.01@example.org	1974-07-19	en_GB
2	Griselda	Nicolucci	Griselda.Nicolucci.02@fakedomain.com	1996-01-26	it_IT
3	Miriam	Sauer	Miriam.Sauer.03@fakedomain.org	2002-04-23	de_DE
4	Alexander	Johnson	Alexander.Johnson.04@utoplevel.com	1995-11-11	en_US
5	Stephanie	Lloyd	Stephanie.Lloyd.05@utoplevel.org	1995-06-01	en_GB
6	Paoletta	Roth	Paoletta.Roth.06@example.com	1996-04-15	it_IT
7	Friedemann	Wohlgemut	Friedemann.Wohlgemut.07@example.org	1988-06-25	de_DE
8	Jennifer	Campbell	Jennifer.Campbell.08@fakedomain.com	1989-08-14	en_US
9	Albert	Hodgson	Albert.Hodgson.09@fakedomain.org	1996-04-30	en_GB
10	Benvenuto	Satta	Benvenuto.Satta.010@utoplevel.com	1992-05-12	it_IT
11	Marion	Textor	Marion.Textor.011@utoplevel.org	1992-06-25	de_DE
12	Joseph	White	Joseph.White.012@example.com	1976-03-09	en_US
13	James	Fry	James.Fry.013@example.org	1984-04-16	en_GB
14	Dolores	Polizzi	Dolores.Polizzi.014@fakedomain.com	1979-12-11	it_IT
15	Ulf	Gorlitz	Ulf.Gorlitz.015@fakedomain.org	1997-07-09	de_DE
16	Keith	Hall	Keith.Hall.016@utoplevel.com	1974-01-20	en_US
17	Bradley	Newman	Bradley.Newman.017@utoplevel.org	1971-08-02	en_GB
18	Gino	Telesio	Gino.Telesio.018@example.com	1975-07-03	it_IT
19	Bozena	Wohlgemut	Bozena.Wohlgemut.019@example.org	1982-02-19	de_DE
20	Joanna	Thompson	Joanna.Thompson.020@fakedomain.com	1986-10-15	en_US
21	Rachael	Blake	Rachael.Blake.021@fakedomain.org	1997-07-01	en_GB
22	Graziano	Berrè	Graziano.Berrè.022@utoplevel.com	1998-07-13	it_IT
23	Susi	Tröst	Susi.Tröst.023@utoplevel.org	1979-08-09	de_DE
24	Erin	Jackson	Erin.Jackson.024@example.com	1989-04-08	en_US
25	Aaron	Rees	Aaron.Rees.025@example.org	1990-09-26	en_GB
26	Baccio	Rossellini	Baccio.Rossellini.026@fakedomain.com	1990-06-21	it_IT
27	Francis	Schaaf	Francis.Schaaf.027@fakedomain.org	1977-08-31	de_DE
28	Thomas	Crawford	Thomas.Crawford.028@utoplevel.com	1990-11-27	en_US
29	Duncan	Jennings	Duncan.Jennings.029@utoplevel.org	1991-05-10	en_GB
30	Amanda	Cesaroni	Amanda.Cesaroni.030@example.com	1977-08-31	it_IT
31	Jessica	Döhn	Jessica.Döhn.031@example.org	1982-09-03	de_DE
32	Robert	May	Robert.May.032@fakedomain.com	1992-05-03	en_US
33	Debra	Kirby	Debra.Kirby.033@fakedomain.org	1983-06-02	en_GB
34	Giorgio	Valentino	Giorgio.Valentino.034@utoplevel.com	1992-03-14	it_IT
35	Franz-Xaver	Schweitzer	Franz-Xaver.Schweitzer.035@utoplevel.org	1998-10-08	de_DE
36	John	Bennett	John.Bennett.036@example.com	1986-09-20	en_US
37	Rhys	Harper	Rhys.Harper.037@example.org	2001-11-20	en_GB
38	Vincenzo	Bataglia	Vincenzo.Bataglia.038@fakedomain.com	1994-06-14	it_IT
39	Reingard	Bender	Reingard.Bender.039@fakedomain.org	1998-11-01	de_DE
40	Monica	Roberts	Monica.Roberts.040@utoplevel.com	1980-12-04	en_US
41	Barbara	Bates	Barbara.Bates.041@utoplevel.org	1985-08-02	en_GB
42	Arnaldo	Caruso	Arnaldo.Caruso.042@example.com	1998-04-18	it_IT
43	Sofie	Seifert	Sofie.Seifert.043@example.org	2001-11-24	de_DE
44	Catherine	Watson	Catherine.Watson.044@fakedomain.com	1985-11-10	en_US
45	Zoe	Haynes	Zoe.Haynes.045@fakedomain.org	1994-03-27	en_GB
46	Nicolò	Pacetti	Nicolò.Pacetti.046@utoplevel.com	1999-11-14	it_IT
47	Anneliese	Gutknecht	Anneliese.Gutknecht.047@utoplevel.org	1988-02-26	de_DE
48	Dylan	Burns	Dylan.Burns.048@example.com	1989-04-15	en_US
49	Joyce	Cooper	Joyce.Cooper.049@example.org	1978-05-21	en_GB
50	Tullio	Zito	Tullio.Zito.050@fakedomain.com	1984-11-19	it_IT
51	Arnfried	Wilmsen	Arnfried.Wilmsen.051@fakedomain.org	1981-03-12	de_DE
52	Darlene	Weeks	Darlene.Weeks.052@utoplevel.com	1975-06-25	en_US
53	Brett	Wilson	Brett.Wilson.053@utoplevel.org	1978-06-17	en_GB
54	Ettore	Viviani	Ettore.Viviani.054@example.com	1999-05-31	it_IT
55	Klaudia	Rosemann	Klaudia.Rosemann.055@example.org	1999-05-17	de_DE
56	Dustin	Norris	Dustin.Norris.056@fakedomain.com	2001-12-12	en_US
57	Trevor	Gardiner	Trevor.Gardiner.057@fakedomain.org	1996-02-01	en_GB
58	Daniele	Romagnoli	Daniele.Romagnoli.058@utoplevel.com	1992-09-30	it_IT
59	Eugen	Schmiedt	Eugen.Schmiedt.059@utoplevel.org	1985-12-01	de_DE
60	Robert	Peterson	Robert.Peterson.060@example.com	1992-12-21	en_US
61	Julian	Walsh	Julian.Walsh.061@example.org	1994-10-28	en_GB
62	Giuliana	Zetticci	Giuliana.Zetticci.062@fakedomain.com	2000-08-18	it_IT
63	Ludwig	Caspar	Ludwig.Caspar.063@fakedomain.org	1971-04-24	de_DE
64	Mary	Galvan	Mary.Galvan.064@utoplevel.com	1986-03-03	en_US
65	Valerie	Macdonald	Valerie.Macdonald.065@utoplevel.org	1993-04-22	en_GB
66	Panfilo	Interminelli	Panfilo.Interminelli.066@example.com	1992-04-10	it_IT
67	Brigitte	Hartmann	Brigitte.Hartmann.067@example.org	1970-03-20	de_DE
68	Kayla	Jones	Kayla.Jones.068@fakedomain.com	1997-11-25	en_US
69	Norman	Hughes	Norman.Hughes.069@fakedomain.org	1984-05-27	en_GB
70	Massimo	Bonatti	Massimo.Bonatti.070@utoplevel.com	1985-04-12	it_IT
71	Liesel	auch Schlauchin	Liesel.auch Schlauchin.071@utoplevel.org	1988-10-18	de_DE
72	Robert	Olsen	Robert.Olsen.072@example.com	1971-07-27	en_US
73	Justin	Smith	Justin.Smith.073@example.org	1986-09-13	en_GB
74	Aria	Bergoglio	Aria.Bergoglio.074@fakedomain.com	1996-01-17	it_IT
75	Rigo	Bauer	Rigo.Bauer.075@fakedomain.org	1990-02-21	de_DE
76	Christopher	Cantu	Christopher.Cantu.076@utoplevel.com	1997-03-16	en_US
77	Jack	Rogers	Jack.Rogers.077@utoplevel.org	1976-08-12	en_GB
78	Gianna	Bignami	Gianna.Bignami.078@example.com	1978-11-01	it_IT
79	Angelika	Koch	Angelika.Koch.079@example.org	1972-02-22	de_DE
80	Sarah	Chen	Sarah.Chen.080@fakedomain.com	1990-03-17	en_US
81	George	Anderson	George.Anderson.081@fakedomain.org	1976-06-26	en_GB
82	Mauro	Maglio	Mauro.Maglio.082@utoplevel.com	1981-08-03	it_IT
83	Heide-Marie	Sauer	Heide-Marie.Sauer.083@utoplevel.org	1979-11-26	de_DE
84	Tracy	Carter	Tracy.Carter.084@example.com	1983-06-15	en_US
85	Dennis	Lee	Dennis.Lee.085@example.org	1982-03-03	en_GB
86	Fausto	Mortati	Fausto.Mortati.086@fakedomain.com	2001-09-03	it_IT
87	Apostolos	Gutknecht	Apostolos.Gutknecht.087@fakedomain.org	1989-03-19	de_DE
88	Carrie	Peters	Carrie.Peters.088@utoplevel.com	1988-05-02	en_US
89	Emily	Jones	Emily.Jones.089@utoplevel.org	2001-11-21	en_GB
90	Adamo	Baglioni	Adamo.Baglioni.090@example.com	1988-04-04	it_IT
91	Alina	Rohleder	Alina.Rohleder.091@example.org	1996-05-04	de_DE
92	Adriana	Morales	Adriana.Morales.092@fakedomain.com	1975-08-30	en_US
93	Chloe	Wilkinson	Chloe.Wilkinson.093@fakedomain.org	1987-07-22	en_GB
94	Michelotto	Iacovelli	Michelotto.Iacovelli.094@utoplevel.com	1994-04-02	it_IT
95	Metin	Flantz	Metin.Flantz.095@utoplevel.org	1970-11-07	de_DE
96	Kenneth	Smith	Kenneth.Smith.096@example.com	1993-06-19	en_US
97	Pauline	Davis	Pauline.Davis.097@example.org	1996-05-26	en_GB
98	Jolanda	Gulotta	Jolanda.Gulotta.098@fakedomain.com	1997-09-28	it_IT
99	Mia	Becker	Mia.Becker.099@fakedomain.org	1995-08-13	de_DE
100	Vincent	White	Vincent.White.0100@utoplevel.com	2000-01-19	en_US