line1	city	state	zip	account_id
180 Julie knolls	West Aimeeborough		BN4 5PD	1
Rotonda Serafina, 6	Piane	FM	63837	2
Jens-Peter-Kranz-Gasse 03	Ludwigslust		21351	3
Unit 2268 Box 6131	DPO	AE	97689	4
Studio 56k Parsons centers	Karenmouth		W52 4SD	5
Stretto Valeria, 8	Campagnola	BS	25081	6
Hans Georg-Matthäi-Platz 9	Stadtsteinach		95932	7
4834 Sonia Union	East Reginaldborough	MO	35960	8
Flat 62 Watson greens	Geoffreychester		L07 7SS	9
Via Dino, 6	Colle Sant'Antonio	CH	66011	10
Kreuselgasse 69	Main-Höchst		23093	11
1883 Matthews Roads Suite 862	Melendezland	IA	94942	12
Flat 5 Hudson vista	Port Barbara		NN5 8AT	13
Via Mastandrea, 1	Castelvenere	BN	82037	14
Metin-Wirth-Straße 14	Cottbus		47910	15
14760 Chad Row	New Dylan	MN	37340	16
Flat 2 Hammond trafficway	New Sharon		S2A 2WW	17
Rotonda Tatiana, 28	Messina	ME	98159	18
Geislerring 6/4	Sankt Goarshausen		51669	19
872 Mendoza Cliff Apt. 766	Stephenburgh	AL	56668	20
Studio 42 Aimee valleys	New Glenberg		E0 3QA	21
Piazza Regge, 62	Chions	PN	33083	22
Förstergasse 5/2	Rochlitz		63738	23
339 Shannon Station Apt. 096	South Bobby	RI	39324	24
447 Jackson harbors	Ellisland		HD3W 6HU	25
Strada Ugo, 5	Merella	AL	15067	26
Claudio-Weller-Ring 1	Angermünde		22678	27
10538 Tina Mountains	East Annashire	WY	31497	28
Flat 23A Mitchell meadow	Dianaville		HG8V 2ZB	29
Via Giorgetti, 31	Sommatino	CL	93019	30
Löwergasse 11	Calw		47374	31
8284 Jordan Cliff Suite 745	Rushfurt	AZ	51099	32
Flat 6 Jay dale	West Elliott		KW9 6FT	33
Incrocio Alboni, 44	San Piero A Grado	PI	56122	34
Kitzmanngasse 5	Badoberan		60184	35
034 Perez Gateway	Jasonside	WA	16323	36
Studio 41 Jordan stream	South Phillip		W1F 9DZ	37
Viale Infantino, 26 Piano 6	Coazzolo	AT	14054	38
Schweitzergasse 2/4	Bamberg		07741	39
396 Shepard Orchard Apt. 860	South Chadville	NE	90824	40
853 Marcus pines	New Mathewside		W5S 2QJ	41
Via Gremese, 952 Appartamento 27	Cenate Di Sotto	BG	24069	42
Schachtstr. 1/0	Starnberg		72651	43
0840 Shawn Haven	Port Sarah	SD	24947	44
290 Owen glen	Watersport		SG7 1SA	45
Incrocio Gianluca, 66	Caroniti	VV	89863	46
Weißgasse 55	Eisleben		02628	47
56546 Hoffman Mission Apt. 884	North Yolanda	PA	66050	48
Studio 80 Baldwin square	West Lewisberg		M5E 5XX	49
Borgo Fortunata, 34	Roccafranca	BS	25030	50
Jennifer-Drubin-Allee 7/8	Darmstadt		36068	51
20633 Ford Passage	East Brian	NM	46872	52
Flat 9 Roberts estates	North Antonyton		E3G 2PR	53
Rotonda Augusto, 93	Porciano	FR	03013	54
Kambsweg 269	Borken		62635	55
541 Ellis Glen	Sarahport	NY	16950	56
2 Holmes cliffs	Smithville		S30 4QU	57
Viale Virginia, 54 Appartamento 20	Regnana	TN	38043	58
Maik-Käster-Platz 91	Rehau		34021	59
854 Sweeney Knoll Suite 438	West Mary	NJ	37415	60
9 Georgia canyon	Morrisview		E2C 6GU	61
Incrocio Tozzi, 60 Appartamento 18	Grauno	TN	38092	62
Ziegertstraße 0/3	Grevenbroich		40528	63
5556 Christopher Camp Apt. 927	North Kaitlynbury	VT	27564	64
Flat 42 Jasmine drives	North Denis		WS9 2HD	65
Canale Dante, 1	Corato	BA	70033	66
Heckerallee 56	Eilenburg		02465	67
00725 Torres Mill	Carolynbury	MS	36873	68
908 Wilkinson pass	Jacquelinefort		SA39 0GQ	69
Piazza Tarantini, 767	Serricella	CS	87041	70
Francesca-Klapp-Weg 0/9	Seelow		19657	71
7742 Butler Greens	New Andrew	AZ	01297	72
Studio 14m Hugh ferry	Barnesmouth		EH76 5BE	73
Strada Pontecorvo, 78 Piano 4	Longa	VI	36060	74
Dusan-Trupp-Weg 62	Weimar		31875	75
25360 Travis Village	Ianshire	WV	19872	76
659 Ricky mission	Westhaven		W4 4NU	77
Rotonda Daria, 0 Piano 8	Medole	MN	46046	78
Cornelius-Etzler-Straße 994	Kronach		36283	79
PSC 0025, Box 9594	APO	AE	35105	80
Studio 25p Wood plains	Stevensfort		RM88 8HW	81
Viale Bartolomeo, 838	Comazzo	LO	26833	82
Halina-Peukert-Weg 65	Rastatt		99791	83
07588 Solis Crest Apt. 908	West Rachel	SC	54424	84
Flat 11 Marie freeway	New Jonathanbury		S7T 1DJ	85
Vicolo Rocca, 12 Piano 4	La Briglia	PO	59021	86
Ilka-Ullmann-Gasse 353	Bayreuth		95893	87
55052 Zuniga Haven	Kimberlymouth	PA	91824	88
Flat 29 Conor overpass	Smithborough		E7F 9NE	89
Contrada Lucia, 82	Zafferana Etnea	CT	95019	90
Rosa-Kranz-Ring 79	Schwäbisch Gmünd		51889	91
80527 Moore Alley Suite 415	New Jeromemouth	IN	13057	92
864 Charles mill	Justinbury		E3 7EA	93
Rotonda Licia, 172 Appartamento 10	Palese	BA	70128	94
Mattias-Winkler-Straße 1/8	Augsburg		92754	95
633 James Turnpike Suite 542	Sharontown	AL	65732	96
Studio 44 Crawford fork	Pritchardberg		E7 4FS	97
Incrocio Toscani, 1	Torrazzo	BI	13884	98
Kramerweg 77	Dessau		79005	99
636 Blair Village	North Williammouth	MA	64093	100